Workbook

Sheet stock관리표
A1: STOCK MANAGEMENT | M1: 담당 | N1: 방장 | O1: 파트장 | P1: 생산팀장 | Q1: 센터장
A3: Area: KP900 Strain: CD(SD) A responsible person : BOK-SOON SA Date : 2021. 1. 4 (MON)
A5: operation age(week) | D5: Date of birth | G5: Male | M5: Female
G6: stock (전일재고) | H6: No. of cage | I6: No. of appoint(선발) | J6: rest (금일재고) | K6: adjust Cut | L6: remark | M6: stock | N6: No. of cage | O6: No. of appoint | P6: rest | Q6: adjust Cut
A8: 3W | B8: 1st half | D8: =D11+7 -> 39792 | E8: ~ | F8: =D8+2 -> 39794
B9: 2nd half | D9: =D8+3 -> 39795 | E9: ~ | F9: =D9+2 -> 39797
D10: =D8 -> 39792 | E10: ~ | F10: =F9 -> 39797
A11: 4W | B11: 1st half | D11: =D14+7 -> 39785 | E11: ~ | F11: =D11+2 -> 39787
B12: 2nd half | D12: =D11+3 -> 39788 | E12: ~ | F12: =D12+2 -> 39790
D13: =D11 -> 39785 | E13: ~ | F13: =F12 -> 39790
A14: 5W | B14: 1st half | D14: =D17+7 -> 39778 | E14: ~ | F14: =D14+2 -> 39780
B15: 2nd half | D15: =D14+3 -> 39781 | E15: ~ | F15: =D15+2 -> 39783
D16: =D14 -> 39778 | E16: ~ | F16: =F15 -> 39783
A17: 6W | B17: 1st half | D17: =D20+7 -> 39771 | E17: ~ | F17: =D17+2 -> 39773
B18: 2nd half | D18: =D17+3 -> 39774 | E18: ~ | F18: =D18+2 -> 39776
D19: =D17 -> 39771 | E19: ~ | F19: =F18 -> 39776
A20: 7W | B20: 1st half | D20: =D23+7 -> 39764 | E20: ~ | F20: =D20+2 -> 39766
B21: 2nd half | D21: =D20+3 -> 39767 | E21: ~ | F21: =D21+2 -> 39769
D22: =D20 -> 39764 | E22: ~ | F22: =F21 -> 39769
A23: 8W | B23: 1st half | D23: =D26+7 -> 39757 | E23: ~ | F23: =D23+2 -> 39759
B24: 2nd half | D24: =D23+3 -> 39760 | E24: ~ | F24: =D24+2 -> 39762
D25: =D23 -> 39757 | E25: ~ | F25: =F24 -> 39762
A26: 9W | B26: 1st half | D26: 39750 | E26: ~ | F26: =D26+2 -> 39752
B27: 2nd half | D27: =D26+3 -> 39753 | E27: ~ | F27: =D27+2 -> 39755
D28: =D26 -> 39750 | E28: ~ | F28: =F27 -> 39755
A29: 10W
A31: Retire
A32: Total
A34: * 9주령 전반부 첫 날짜 변경시 전체적인 출생일 변경
A35: * Male 기준 6주령이상 등급에 따른 주령별 체중 범위
A36: 1. 6주령 - S이하: 120 ~ 140g, S: 140 ~ 160g, M: 180 ~ 200g, L: 200 ~ 220g
A37: 2. 7주령 - S이하: 170 ~ 190g, S: 190 ~ 210g, M: 210 ~ 240g, L: 240 ~ 270g
A38: 3. 8주령 - S이하: 210 ~ 240g, S: 240 ~ 270g, M: 270 ~ 300g, L: 300 ~ 330g
A39: 4. 9주령 - S이하: 240 ~ 270g, S: 270 ~ 300g, M: 300 ~ 330g, L: 330 ~ 360g
A40: * 주령별 체중 범위는 맞게 6주령이상 등급에 따른 마리수 기입.
A41: * 충분한 재고(6주령)를 보유하고 있을 경우에는 7주령부터 등급에 따른 마리수 기입.

Sheet 1월26일
A1: STOCK MANAGEMENT | M1: 담당 | N1: 방장 | O1: 파트장 | P1: 생산팀장 | Q1: 센터장
A4: Area: | B4: KP900 | E4: Strain: | G4: CD(SD) | I4: A responsible person : | L4: JAE-MIN PARK | O4: Date : | P4: 2026. 1. 26 (MON)
A6: operation age(week) | D6: Date of birth | G6: Male | M6: Female
G7: stock | H7: No. of cage | I7: No. of appoint | J7: rest | K7: adjust Cut | L7: remark | M7: stock | N7: No. of cage | O7: No. of appoint | P7: rest | Q7: adjust Cut
A9: 3W | B9: 1st half | D9: =D12+7 -> 46392 | E9: ~ | F9: =D9+2 -> 46394 | G9: 608 | J9: =G9-(I9+K9) -> 608 | M9: 544 | P9: =M9-(O9+Q9) -> 544
B10: 2nd half | D10: =D9+3 -> 46395 | E10: ~ | F10: =D10+2 -> 46397 | J10: =G10-(I10+K10) -> 0 | P10: =M10-(O10+Q10) -> 0
D11: =D9 -> 46392 | E11: ~ | F11: =F10 -> 46397 | G11: =G9+G10 -> 608 | I11: =I9+I10 -> 0 | J11: =J9+J10 -> 608 | K11: =K9+K10 -> 0 | M11: =M9+M10 -> 544 | O11: =O9+O10 -> 0 | P11: =P9+P10 -> 544 | Q11: =Q9+Q10 -> 0
A12: 4W | B12: 1st half | D12: =D15+7 -> 46385 | E12: ~ | F12: =D12+2 -> 46387 | G12: 1180 | J12: =G12-(I12+K12) -> 1180 | M12: 746 | P12: =M12-(O12+Q12) -> 746
B13: 2nd half | D13: =D12+3 -> 46388 | E13: ~ | F13: =D13+2 -> 46390 | G13: 448 | J13: =G13-(I13+K13) -> 448 | M13: 512 | P13: =M13-(O13+Q13) -> 512
D14: =D12 -> 46385 | E14: ~ | F14: =F13 -> 46390 | G14: 1628 | I14: =I12+I13 -> 0 | J14: =J12+J13 -> 1628 | K14: =K12+K13 -> 0 | M14: 1258 | O14: =O12+O13 -> 0 | P14: =P12+P13 -> 1258 | Q14: =Q12+Q13 -> 0
A15: 5W | B15: 1st half | D15: =D18+7 -> 46378 | E15: ~ | F15: =D15+2 -> 46380 | G15: 971 | I15: 47 | J15: =G15-(I15+K15) -> 872 | K15: 52 | L15: CUT:52 | M15: 478 | O15: 75 | P15: =M15-(O15+Q15) -> 385 | Q15: 18
B16: 2nd half | D16: =D15+3 -> 46381 | E16: ~ | F16: =D16+2 -> 46383 | G16: 432 | J16: =G16-(I16+K16) -> 432 | M16: 480 | P16: =M16-(O16+Q16) -> 480
D17: =D15 -> 46378 | E17: ~ | F17: =F16 -> 46383 | G17: 1403 | I17: =I15+I16 -> 47 | J17: =J15+J16 -> 1304 | K17: =K15+K16 -> 52 | M17: 958 | O17: =O15+O16 -> 75 | P17: =P15+P16 -> 865 | Q17: =Q15+Q16 -> 18
A18: 6W | B18: 1st half | D18: =D21+7 -> 46371 | E18: ~ | F18: =D18+2 -> 46373 | G18: 220 | I18: 168 | J18: =G18-(I18+K18) -> 0 | K18: 52 | L18: CUT:(52) | M18: 0 | P18: =M18-(O18+Q18) -> 0
B19: 2nd half | D19: =D18+3 -> 46374 | E19: ~ | F19: =D19+2 -> 46376 | G19: 496 | J19: =G19-(I19+K19) -> 496 | M19: 394 | O19: 57 | P19: =M19-(O19+Q19) -> 320 | Q19: 17
D20: =D18 -> 46371 | E20: ~ | F20: =F19 -> 46376 | G20: 716 | I20: =I18+I19 -> 168 | J20: =J18+J19 -> 496 | K20: =K18+K19 -> 52 | M20: 394 | O20: =O18+O19 -> 57 | P20: =P18+P19 -> 320 | Q20: =Q18+Q19 -> 17
A21: 7W | B21: 1st half | D21: =D24+7 -> 46364 | E21: ~ | F21: =D21+2 -> 46366 | G21: 124 | H21: S이하:10 | I21: 110 | J21: =G21-(I21+K21) -> 0 | K21: 14 | L21: CUT:14 | M21: 0 | P21: =M21-(O21+Q21) -> 0
B22: 2nd half | D22: =D21+3 -> 46367 | E22: ~ | F22: =D22+2 -> 46369 | G22: 240 | H22: S:10 M:20 | J22: =G22-(I22+K22) -> 240 | M22: 206 | P22: =M22-(O22+Q22) -> 206
D23: =D21 -> 46364 | E23: ~ | F23: =F22 -> 46369 | G23: 364 | H23: L:71 | I23: =I21+I22 -> 110 | J23: =J21+J22 -> 240 | K23: =K21+K22 -> 14 | M23: 206 | O23: =O21+O22 -> 0 | P23: =P21+P22 -> 206 | Q23: =Q21+Q22 -> 0
A24: 8W | B24: 1st half | D24: =D27+7 -> 46357 | E24: ~ | F24: =D24+2 -> 46359 | G24: 120 | H24: S이하: | I24: 100 | J24: =G24-(I24+K24) -> 10 | K24: 10 | L24: CUT:10 | M24: 0 | P24: =M24-(O24+Q24) -> 0
B25: 2nd half | D25: =D24+3 -> 46360 | E25: ~ | F25: =D25+2 -> 46362 | G25: 220 | H25: S: M: | I25: 30 | J25: =G25-(I25+K25) -> 190 | M25: 300 | O25: 27 | P25: =M25-(O25+Q25) -> 268 | Q25: 5
D26: =D24 -> 46357 | E26: ~ | F26: =F25 -> 46362 | G26: 340 | H26: L:11 | I26: =I24+I25 -> 130 | J26: =J24+J25 -> 200 | K26: =K24+K25 -> 10 | M26: 300 | O26: =O24+O25 -> 27 | P26: =P24+P25 -> 268 | Q26: =Q24+Q25 -> 5
A27: 9W | B27: 1st half | D27: 46350 | E27: ~ | F27: =D27+2 -> 46352 | G27: 0 | J27: =G27-(I27+K27) -> 0 | M27: 0 | P27: =M27-(O27+Q27) -> 0
B28: 2nd half | D28: =D27+3 -> 46353 | E28: ~ | F28: =D28+2 -> 46355 | G28: 0 | J28: =G28-(I28+K28) -> 0 | M28: 120 | P28: =M28-(O28+Q28) -> 120
D29: =D27 -> 46350 | E29: ~ | F29: =F28 -> 46355 | G29: 0 | I29: =I27+I28 -> 0 | J29: =J27+J28 -> 0 | K29: =K27+K28 -> 0 | M29: 120 | O29: =O27+O28 -> 0 | P29: =P27+P28 -> 120 | Q29: =Q27+Q28 -> 0
A30: 10W | G30: 0 | M30: 0
G31: 0 | M31: 0
A32: Retire | G32: 0 | M32: 0
A33: Total | G33: =(G11+G14+G17+G20+G23+G26+G29) -> 5059 | I33: =(I11+I14+I17+I20+I23+I26+I29) -> 455 | J33: =(J11+J14+J17+J20+J23+J26+J29) -> 4476 | K33: =(K11+K14+K17+K20+K23+K26+K29) -> 128 | M33: =(M11+M14+M17+M20+M23+M26+M29) -> 3780 | O33: =(O11+O14+O17+O20+O23+O26+O29) -> 159 | P33: =(P11+P14+P17+P20+P23+P26+P29) -> 3581 | Q33: =(Q11+Q14+Q17+Q20+Q23+Q26+Q29) -> 40

Sheet 1월27일
A1: STOCK MANAGEMENT | M1: 담당 | N1: 방장 | O1: 파트장 | P1: 생산팀장 | Q1: 센터장
A4: Area: | B4: KP900 | E4: Strain: | G4: CD(SD) | I4: A responsible person : | L4: JAE-MIN PARK | O4: Date : | P4: 2026. 1. 27 (TUE)
A6: operation age(week) | D6: Date of birth | G6: Male | M6: Female
G7: stock | H7: No. of cage | I7: No. of appoint | J7: rest | K7: adjust Cut | L7: remark | M7: stock | N7: No. of cage | O7: No. of appoint | P7: rest | Q7: adjust Cut
A9: 3W | B9: 1st half | D9: =D12+7 -> 46392 | E9: ~ | F9: =D9+2 -> 46394 | G9: 880 | J9: =G9-(I9+K9) -> 880 | M9: 848 | P9: =M9-(O9+Q9) -> 848
B10: 2nd half | D10: =D9+3 -> 46395 | E10: ~ | F10: =D10+2 -> 46397 | J10: =G10-(I10+K10) -> 0 | P10: =M10-(O10+Q10) -> 0
D11: =D9 -> 46392 | E11: ~ | F11: =F10 -> 46397 | G11: =G9+G10 -> 880 | I11: =I9+I10 -> 0 | J11: =J9+J10 -> 880 | K11: =K9+K10 -> 0 | M11: =M9+M10 -> 848 | O11: =O9+O10 -> 0 | P11: =P9+P10 -> 848 | Q11: =Q9+Q10 -> 0
A12: 4W | B12: 1st half | D12: =D15+7 -> 46385 | E12: ~ | F12: =D12+2 -> 46387 | G12: 1180 | I12: 4 | J12: =G12-(I12+K12) -> 1176 | M12: 746 | P12: =M12-(O12+Q12) -> 746
B13: 2nd half | D13: =D12+3 -> 46388 | E13: ~ | F13: =D13+2 -> 46390 | G13: 448 | J13: =G13-(I13+K13) -> 448 | M13: 512 | P13: =M13-(O13+Q13) -> 512
D14: =D12 -> 46385 | E14: ~ | F14: =F13 -> 46390 | G14: 1628 | I14: =I12+I13 -> 4 | J14: =J12+J13 -> 1624 | K14: =K12+K13 -> 0 | M14: 1258 | O14: =O12+O13 -> 0 | P14: =P12+P13 -> 1258 | Q14: =Q12+Q13 -> 0
A15: 5W | B15: 1st half | D15: =D18+7 -> 46378 | E15: ~ | F15: =D15+2 -> 46380 | G15: 872 | I15: 9 | J15: =G15-(I15+K15) -> 830 | K15: 33 | L15: CUT:33 | M15: 385 | O15: 9 | P15: =M15-(O15+Q15) -> 373 | Q15: 3
B16: 2nd half | D16: =D15+3 -> 46381 | E16: ~ | F16: =D16+2 -> 46383 | G16: 432 | J16: =G16-(I16+K16) -> 432 | M16: 480 | P16: =M16-(O16+Q16) -> 480
D17: =D15 -> 46378 | E17: ~ | F17: =F16 -> 46383 | G17: 1304 | I17: =I15+I16 -> 9 | J17: =J15+J16 -> 1262 | K17: =K15+K16 -> 33 | M17: 865 | O17: =O15+O16 -> 9 | P17: =P15+P16 -> 853 | Q17: =Q15+Q16 -> 3
A18: 6W | B18: 1st half | D18: =D21+7 -> 46371 | E18: ~ | F18: =D18+2 -> 46373 | G18: 0 | J18: =G18-(I18+K18) -> 0 | M18: 0 | P18: =M18-(O18+Q18) -> 0
B19: 2nd half | D19: =D18+3 -> 46374 | E19: ~ | F19: =D19+2 -> 46376 | G19: 496 | I19: 9 | J19: =G19-(I19+K19) -> 486 | K19: 1 | L19: CUT:1 | M19: 320 | P19: =M19-(O19+Q19) -> 320
D20: =D18 -> 46371 | E20: ~ | F20: =F19 -> 46376 | G20: 496 | I20: =I18+I19 -> 9 | J20: =J18+J19 -> 486 | K20: =K18+K19 -> 1 | M20: 320 | O20: =O18+O19 -> 0 | P20: =P18+P19 -> 320 | Q20: =Q18+Q19 -> 0
A21: 7W | B21: 1st half | D21: =D24+7 -> 46364 | E21: ~ | F21: =D21+2 -> 46366 | G21: 0 | H21: S이하:10 | J21: =G21-(I21+K21) -> 0 | M21: 0 | P21: =M21-(O21+Q21) -> 0
B22: 2nd half | D22: =D21+3 -> 46367 | E22: ~ | F22: =D22+2 -> 46369 | G22: 240 | H22: S:10 M:20 | J22: =G22-(I22+K22) -> 240 | M22: 206 | P22: =M22-(O22+Q22) -> 206
D23: =D21 -> 46364 | E23: ~ | F23: =F22 -> 46369 | G23: 240 | H23: L:71 | I23: =I21+I22 -> 0 | J23: =J21+J22 -> 240 | K23: =K21+K22 -> 0 | M23: 206 | O23: =O21+O22 -> 0 | P23: =P21+P22 -> 206 | Q23: =Q21+Q22 -> 0
A24: 8W | B24: 1st half | D24: =D27+7 -> 46357 | E24: ~ | F24: =D24+2 -> 46359 | G24: 10 | H24: S이하: | J24: =G24-(I24+K24) -> 10 | M24: 0 | P24: =M24-(O24+Q24) -> 0
B25: 2nd half | D25: =D24+3 -> 46360 | E25: ~ | F25: =D25+2 -> 46362 | G25: 190 | H25: S: M: | I25: 16 | J25: =G25-(I25+K25) -> 172 | K25: 2 | L25: CUT:2 | M25: 268 | O25: 42 | P25: =M25-(O25+Q25) -> 210 | Q25: 16
D26: =D24 -> 46357 | E26: ~ | F26: =F25 -> 46362 | G26: 200 | H26: L:11 | I26: =I24+I25 -> 16 | J26: =J24+J25 -> 182 | K26: =K24+K25 -> 2 | M26: 268 | O26: =O24+O25 -> 42 | P26: =P24+P25 -> 210 | Q26: =Q24+Q25 -> 16
A27: 9W | B27: 1st half | D27: 46350 | E27: ~ | F27: =D27+2 -> 46352 | G27: 0 | J27: =G27-(I27+K27) -> 0 | M27: 0 | P27: =M27-(O27+Q27) -> 0
B28: 2nd half | D28: =D27+3 -> 46353 | E28: ~ | F28: =D28+2 -> 46355 | G28: 0 | J28: =G28-(I28+K28) -> 0 | M28: 120 | P28: =M28-(O28+Q28) -> 60 | Q28: 60
D29: =D27 -> 46350 | E29: ~ | F29: =F28 -> 46355 | G29: 0 | I29: =I27+I28 -> 0 | J29: =J27+J28 -> 0 | K29: =K27+K28 -> 0 | M29: 120 | O29: =O27+O28 -> 0 | P29: =P27+P28 -> 60 | Q29: =Q27+Q28 -> 60
A30: 10W | G30: 0 | M30: 0
G31: 0
A32: Retire | G32: 0
A33: Total | G33: =(G11+G14+G17+G20+G23+G26+G29) -> 4748 | I33: =(I11+I14+I17+I20+I23+I26+I29) -> 38 | J33: =(J11+J14+J17+J20+J23+J26+J29) -> 4674 | K33: =(K11+K14+K17+K20+K23+K26+K29) -> 36 | M33: =(M11+M14+M17+M20+M23+M26+M29) -> 3885 | O33: =(O11+O14+O17+O20+O23+O26+O29) -> 51 | P33: =(P11+P14+P17+P20+P23+P26+P29) -> 3755 | Q33: =(Q11+Q14+Q17+Q20+Q23+Q26+Q29) -> 79

Sheet 1월28일
A1: STOCK MANAGEMENT | M1: 담당 | N1: 방장 | O1: 파트장 | P1: 생산팀장 | Q1: 센터장
A4: Area: | B4: KP900 | E4: Strain: | G4: CD(SD) | I4: A responsible person : | L4: JAE-MIN PARK | O4: Date : | P4: 2026. 1. 28 (WED)
A6: operation age(week) | D6: Date of birth | G6: Male | M6: Female
G7: stock | H7: No. of cage | I7: No. of appoint | J7: rest | K7: adjust Cut | L7: remark | M7: stock | N7: No. of cage | O7: No. of appoint | P7: rest | Q7: adjust Cut
A9: 3W | B9: 1st half | D9: =D12+7 -> 46392 | E9: ~ | F9: =D9+2 -> 46394 | G9: 1008 | J9: =G9-(I9+K9) -> 1008 | M9: 976 | O9: 20 | P9: =M9-(O9+Q9) -> 956
B10: 2nd half | D10: =D9+3 -> 46395 | E10: ~ | F10: =D10+2 -> 46397 | J10: =G10-(I10+K10) -> 0 | P10: =M10-(O10+Q10) -> 0
D11: =D9 -> 46392 | E11: ~ | F11: =F10 -> 46397 | G11: =G9+G10 -> 1008 | I11: =I9+I10 -> 0 | J11: =J9+J10 -> 1008 | K11: =K9+K10 -> 0 | M11: =M9+M10 -> 976 | O11: =O9+O10 -> 20 | P11: =P9+P10 -> 956 | Q11: =Q9+Q10 -> 0
A12: 4W | B12: 1st half | D12: =D15+7 -> 46385 | E12: ~ | F12: =D12+2 -> 46387 | G12: 1176 | J12: =G12-(I12+K12) -> 1176 | M12: 746 | P12: =M12-(O12+Q12) -> 746
B13: 2nd half | D13: =D12+3 -> 46388 | E13: ~ | F13: =D13+2 -> 46390 | G13: 448 | J13: =G13-(I13+K13) -> 448 | M13: 512 | P13: =M13-(O13+Q13) -> 512
D14: =D12 -> 46385 | E14: ~ | F14: =F13 -> 46390 | G14: 1624 | I14: =I12+I13 -> 0 | J14: =J12+J13 -> 1624 | K14: =K12+K13 -> 0 | M14: 1258 | O14: =O12+O13 -> 0 | P14: =P12+P13 -> 1258 | Q14: =Q12+Q13 -> 0
A15: 5W | B15: 1st half | D15: =D18+7 -> 46378 | E15: ~ | F15: =D15+2 -> 46380 | G15: 830 | I15: 219 | J15: =G15-(I15+K15) -> 528 | K15: 83 | L15: CUT:83 | M15: 373 | O15: 199 | P15: =M15-(O15+Q15) -> 150 | Q15: 24
B16: 2nd half | D16: =D15+3 -> 46381 | E16: ~ | F16: =D16+2 -> 46383 | G16: 432 | J16: =G16-(I16+K16) -> 432 | M16: 480 | P16: =M16-(O16+Q16) -> 480
D17: =D15 -> 46378 | E17: ~ | F17: =F16 -> 46383 | G17: 1262 | I17: =I15+I16 -> 219 | J17: =J15+J16 -> 960 | K17: =K15+K16 -> 83 | M17: 853 | O17: =O15+O16 -> 199 | P17: =P15+P16 -> 630 | Q17: =Q15+Q16 -> 24
A18: 6W | B18: 1st half | D18: =D21+7 -> 46371 | E18: ~ | F18: =D18+2 -> 46373 | G18: 0 | J18: =G18-(I18+K18) -> 0 | M18: 0 | P18: =M18-(O18+Q18) -> 0
B19: 2nd half | D19: =D18+3 -> 46374 | E19: ~ | F19: =D19+2 -> 46376 | G19: 486 | I19: 74 | J19: =G19-(I19+K19) -> 380 | K19: 32 | L19: CUT:32 | M19: 320 | O19: 12 | P19: =M19-(O19+Q19) -> 300 | Q19: 8
D20: =D18 -> 46371 | E20: ~ | F20: =F19 -> 46376 | G20: 486 | I20: =I18+I19 -> 74 | J20: =J18+J19 -> 380 | K20: =K18+K19 -> 32 | M20: 320 | O20: =O18+O19 -> 12 | P20: =P18+P19 -> 300 | Q20: =Q18+Q19 -> 8
A21: 7W | B21: 1st half | D21: =D24+7 -> 46364 | E21: ~ | F21: =D21+2 -> 46366 | G21: 0 | H21: S이하:10 | J21: =G21-(I21+K21) -> 0 | M21: 0 | P21: =M21-(O21+Q21) -> 0
B22: 2nd half | D22: =D21+3 -> 46367 | E22: ~ | F22: =D22+2 -> 46369 | G22: 240 | H22: S:10 M:20 | I22: 20 | J22: =G22-(I22+K22) -> 200 | K22: 20 | L22: CUT:20 | M22: 206 | O22: 10 | P22: =M22-(O22+Q22) -> 190 | Q22: 6
D23: =D21 -> 46364 | E23: ~ | F23: =F22 -> 46369 | G23: 240 | H23: L:71 | I23: =I21+I22 -> 20 | J23: =J21+J22 -> 200 | K23: =K21+K22 -> 20 | M23: 206 | O23: =O21+O22 -> 10 | P23: =P21+P22 -> 190 | Q23: =Q21+Q22 -> 6
A24: 8W | B24: 1st half | D24: =D27+7 -> 46357 | E24: ~ | F24: =D24+2 -> 46359 | G24: 10 | H24: S이하: | I24: 10 | J24: =G24-(I24+K24) -> 0 | M24: 0 | P24: =M24-(O24+Q24) -> 0
B25: 2nd half | D25: =D24+3 -> 46360 | E25: ~ | F25: =D25+2 -> 46362 | G25: 172 | H25: S: M: | I25: 139 | J25: =G25-(I25+K25) -> 0 | K25: 33 | L25: CUT:33 | M25: 210 | O25: 138 | P25: =M25-(O25+Q25) -> 58 | Q25: 14
D26: =D24 -> 46357 | E26: ~ | F26: =F25 -> 46362 | G26: 182 | H26: L:11 | I26: =I24+I25 -> 149 | J26: =J24+J25 -> 0 | K26: =K24+K25 -> 33 | M26: 210 | O26: =O24+O25 -> 138 | P26: =P24+P25 -> 58 | Q26: =Q24+Q25 -> 14
A27: 9W | B27: 1st half | D27: 46350 | E27: ~ | F27: =D27+2 -> 46352 | G27: 0 | J27: =G27-(I27+K27) -> 0 | M27: 0 | P27: =M27-(O27+Q27) -> 0
B28: 2nd half | D28: =D27+3 -> 46353 | E28: ~ | F28: =D28+2 -> 46355 | G28: 0 | J28: =G28-(I28+K28) -> 0 | M28: 60 | P28: =M28-(O28+Q28) -> 60
D29: =D27 -> 46350 | E29: ~ | F29: =F28 -> 46355 | G29: 0 | I29: =I27+I28 -> 0 | J29: =J27+J28 -> 0 | K29: =K27+K28 -> 0 | M29: 60 | O29: =O27+O28 -> 0 | P29: =P27+P28 -> 60 | Q29: =Q27+Q28 -> 0
A30: 10W | G30: 0 | M30: 0
G31: 0
A32: Retire | G32: 0
A33: Total | G33: =(G11+G14+G17+G20+G23+G26+G29) -> 4802 | I33: =(I11+I14+I17+I20+I23+I26+I29) -> 462 | J33: =(J11+J14+J17+J20+J23+J26+J29) -> 4172 | K33: =(K11+K14+K17+K20+K23+K26+K29) -> 168 | M33: =(M11+M14+M17+M20+M23+M26+M29) -> 3883 | O33: =(O11+O14+O17+O20+O23+O26+O29) -> 379 | P33: =(P11+P14+P17+P20+P23+P26+P29) -> 3452 | Q33: =(Q11+Q14+Q17+Q20+Q23+Q26+Q29) -> 52

Sheet 1월29일
A1: STOCK MANAGEMENT | M1: 담당 | N1: 방장 | O1: 파트장 | P1: 생산팀장 | Q1: 센터장
A4: Area: | B4: KP900 | E4: Strain: | G4: CD(SD) | I4: A responsible person : | L4: JAE-MIN PARK | O4: Date : | P4: 2026. 1. 29 (THU)
A6: operation age(week) | D6: Date of birth | G6: Male | M6: Female
G7: stock | H7: No. of cage | I7: No. of appoint | J7: rest | K7: adjust Cut | L7: remark | M7: stock | N7: No. of cage | O7: No. of appoint | P7: rest | Q7: adjust Cut
A9: 3W | B9: 1st half | D9: =D12+7 -> 46392 | E9: ~ | F9: =D9+2 -> 46394 | G9: 1008 | J9: =G9-(I9+K9) -> 1008 | M9: 956 | P9: =M9-(O9+Q9) -> 606 | Q9: 350
B10: 2nd half | D10: =D9+3 -> 46395 | E10: ~ | F10: =D10+2 -> 46397 | G10: 208 | J10: =G10-(I10+K10) -> 208 | M10: 224 | P10: =M10-(O10+Q10) -> 224
D11: =D9 -> 46392 | E11: ~ | F11: =F10 -> 46397 | G11: =G9+G10 -> 1216 | I11: =I9+I10 -> 0 | J11: =J9+J10 -> 1216 | K11: =K9+K10 -> 0 | M11: =M9+M10 -> 1180 | O11: =O9+O10 -> 0 | P11: =P9+P10 -> 830 | Q11: =Q9+Q10 -> 350
A12: 4W | B12: 1st half | D12: =D15+7 -> 46385 | E12: ~ | F12: =D12+2 -> 46387 | G12: 1176 | J12: =G12-(I12+K12) -> 1026 | K12: 150 | L12: CUT:150 | M12: 746 | P12: =M12-(O12+Q12) -> 746
B13: 2nd half | D13: =D12+3 -> 46388 | E13: ~ | F13: =D13+2 -> 46390 | G13: 448 | J13: =G13-(I13+K13) -> 448 | M13: 512 | P13: =M13-(O13+Q13) -> 512
D14: =D12 -> 46385 | E14: ~ | F14: =F13 -> 46390 | G14: 1624 | I14: =I12+I13 -> 0 | J14: =J12+J13 -> 1474 | K14: =K12+K13 -> 150 | M14: 1258 | O14: =O12+O13 -> 0 | P14: =P12+P13 -> 1258 | Q14: =Q12+Q13 -> 0
A15: 5W | B15: 1st half | D15: =D18+7 -> 46378 | E15: ~ | F15: =D15+2 -> 46380 | G15: 528 | J15: =G15-(I15+K15) -> 528 | M15: 150 | P15: =M15-(O15+Q15) -> 150
B16: 2nd half | D16: =D15+3 -> 46381 | E16: ~ | F16: =D16+2 -> 46383 | G16: 432 | J16: =G16-(I16+K16) -> 432 | M16: 480 | P16: =M16-(O16+Q16) -> 380 | Q16: 100
D17: =D15 -> 46378 | E17: ~ | F17: =F16 -> 46383 | G17: 960 | I17: =I15+I16 -> 0 | J17: =J15+J16 -> 960 | K17: =K15+K16 -> 0 | M17: 630 | O17: =O15+O16 -> 0 | P17: =P15+P16 -> 530 | Q17: =Q15+Q16 -> 100
A18: 6W | B18: 1st half | D18: =D21+7 -> 46371 | E18: ~ | F18: =D18+2 -> 46373 | G18: 0 | J18: =G18-(I18+K18) -> 0 | M18: 0 | P18: =M18-(O18+Q18) -> 0
B19: 2nd half | D19: =D18+3 -> 46374 | E19: ~ | F19: =D19+2 -> 46376 | G19: 380 | J19: =G19-(I19+K19) -> 380 | M19: 300 | P19: =M19-(O19+Q19) -> 200 | Q19: 100
D20: =D18 -> 46371 | E20: ~ | F20: =F19 -> 46376 | G20: 380 | I20: =I18+I19 -> 0 | J20: =J18+J19 -> 380 | K20: =K18+K19 -> 0 | M20: 300 | O20: =O18+O19 -> 0 | P20: =P18+P19 -> 200 | Q20: =Q18+Q19 -> 100
A21: 7W | B21: 1st half | D21: =D24+7 -> 46364 | E21: ~ | F21: =D21+2 -> 46366 | G21: 0 | H21: S이하:10 | J21: =G21-(I21+K21) -> 0 | M21: 0 | P21: =M21-(O21+Q21) -> 0
B22: 2nd half | D22: =D21+3 -> 46367 | E22: ~ | F22: =D22+2 -> 46369 | G22: 200 | H22: S:10 M:20 | I22: 55 | J22: =G22-(I22+K22) -> 140 | K22: 5 | L22: CUT:5 | M22: 190 | P22: =M22-(O22+Q22) -> 190
D23: =D21 -> 46364 | E23: ~ | F23: =F22 -> 46369 | G23: 200 | H23: L:71 | I23: =I21+I22 -> 55 | J23: =J21+J22 -> 140 | K23: =K21+K22 -> 5 | M23: 190 | O23: =O21+O22 -> 0 | P23: =P21+P22 -> 190 | Q23: =Q21+Q22 -> 0
A24: 8W | B24: 1st half | D24: =D27+7 -> 46357 | E24: ~ | F24: =D24+2 -> 46359 | G24: 0 | H24: S이하: | J24: =G24-(I24+K24) -> 0 | M24: 0 | P24: =M24-(O24+Q24) -> 0
B25: 2nd half | D25: =D24+3 -> 46360 | E25: ~ | F25: =D25+2 -> 46362 | G25: 0 | H25: S: M: | J25: =G25-(I25+K25) -> 0 | M25: 58 | P25: =M25-(O25+Q25) -> 58
D26: =D24 -> 46357 | E26: ~ | F26: =F25 -> 46362 | G26: 0 | H26: L:11 | I26: =I24+I25 -> 0 | J26: =J24+J25 -> 0 | K26: =K24+K25 -> 0 | M26: 58 | O26: =O24+O25 -> 0 | P26: =P24+P25 -> 58 | Q26: =Q24+Q25 -> 0
A27: 9W | B27: 1st half | D27: 46350 | E27: ~ | F27: =D27+2 -> 46352 | G27: 0 | J27: =G27-(I27+K27) -> 0 | M27: 0 | P27: =M27-(O27+Q27) -> 0
B28: 2nd half | D28: =D27+3 -> 46353 | E28: ~ | F28: =D28+2 -> 46355 | G28: 0 | J28: =G28-(I28+K28) -> 0 | M28: 60 | P28: =M28-(O28+Q28) -> 0 | Q28: 60
D29: =D27 -> 46350 | E29: ~ | F29: =F28 -> 46355 | G29: 0 | I29: =I27+I28 -> 0 | J29: =J27+J28 -> 0 | K29: =K27+K28 -> 0 | M29: 60 | O29: =O27+O28 -> 0 | P29: =P27+P28 -> 0 | Q29: =Q27+Q28 -> 60
A30: 10W | G30: 0 | M30: 0
G31: 0
A32: Retire | G32: 0
A33: Total | G33: =(G11+G14+G17+G20+G23+G26+G29) -> 4380 | I33: =(I11+I14+I17+I20+I23+I26+I29) -> 55 | J33: =(J11+J14+J17+J20+J23+J26+J29) -> 4170 | K33: =(K11+K14+K17+K20+K23+K26+K29) -> 155 | M33: =(M11+M14+M17+M20+M23+M26+M29) -> 3676 | O33: =(O11+O14+O17+O20+O23+O26+O29) -> 0 | P33: =(P11+P14+P17+P20+P23+P26+P29) -> 3066 | Q33: =(Q11+Q14+Q17+Q20+Q23+Q26+Q29) -> 610

Sheet 1월30일
A1: STOCK MANAGEMENT | M1: 담당 | N1: 방장 | O1: 파트장 | P1: 생산팀장 | Q1: 센터장
A4: Area: | B4: KP900 | E4: Strain: | G4: CD(SD) | I4: A responsible person : | L4: JAE-MIN PARK | O4: Date : | P4: 2026. 1. 30 (FRI)
A6: operation age(week) | D6: Date of birth | G6: Male | M6: Female
G7: stock | H7: No. of cage | I7: No. of appoint | J7: rest | K7: adjust Cut | L7: remark | M7: stock | N7: No. of cage | O7: No. of appoint | P7: rest | Q7: adjust Cut
A9: 3W | B9: 1st half | D9: =D12+7 -> 46392 | E9: ~ | F9: =D9+2 -> 46394 | G9: 1008 | J9: =G9-(I9+K9) -> 1008 | M9: 606 | P9: =M9-(O9+Q9) -> 606
B10: 2nd half | D10: =D9+3 -> 46395 | E10: ~ | F10: =D10+2 -> 46397 | G10: 384 | J10: =G10-(I10+K10) -> 384 | M10: 368 | P10: =M10-(O10+Q10) -> 368
D11: =D9 -> 46392 | E11: ~ | F11: =F10 -> 46397 | G11: =G9+G10 -> 1392 | I11: =I9+I10 -> 0 | J11: =J9+J10 -> 1392 | K11: =K9+K10 -> 0 | M11: =M9+M10 -> 974 | O11: =O9+O10 -> 0 | P11: =P9+P10 -> 974 | Q11: =Q9+Q10 -> 0
A12: 4W | B12: 1st half | D12: =D15+7 -> 46385 | E12: ~ | F12: =D12+2 -> 46387 | G12: 1026 | J12: =G12-(I12+K12) -> 1026 | M12: 746 | P12: =M12-(O12+Q12) -> 746
B13: 2nd half | D13: =D12+3 -> 46388 | E13: ~ | F13: =D13+2 -> 46390 | G13: 448 | J13: =G13-(I13+K13) -> 448 | M13: 512 | P13: =M13-(O13+Q13) -> 512
D14: =D12 -> 46385 | E14: ~ | F14: =F13 -> 46390 | G14: 1474 | I14: =I12+I13 -> 0 | J14: =J12+J13 -> 1474 | K14: =K12+K13 -> 0 | M14: 1258 | O14: =O12+O13 -> 0 | P14: =P12+P13 -> 1258 | Q14: =Q12+Q13 -> 0
A15: 5W | B15: 1st half | D15: =D18+7 -> 46378 | E15: ~ | F15: =D15+2 -> 46380 | G15: 528 | J15: =G15-(I15+K15) -> 528 | M15: 150 | P15: =M15-(O15+Q15) -> 150
B16: 2nd half | D16: =D15+3 -> 46381 | E16: ~ | F16: =D16+2 -> 46383 | G16: 432 | J16: =G16-(I16+K16) -> 432 | M16: 380 | P16: =M16-(O16+Q16) -> 380
D17: =D15 -> 46378 | E17: ~ | F17: =F16 -> 46383 | G17: 960 | I17: =I15+I16 -> 0 | J17: =J15+J16 -> 960 | K17: =K15+K16 -> 0 | M17: 530 | O17: =O15+O16 -> 0 | P17: =P15+P16 -> 530 | Q17: =Q15+Q16 -> 0
A18: 6W | B18: 1st half | D18: =D21+7 -> 46371 | E18: ~ | F18: =D18+2 -> 46373 | G18: 0 | J18: =G18-(I18+K18) -> 0 | M18: 0 | P18: =M18-(O18+Q18) -> 0
B19: 2nd half | D19: =D18+3 -> 46374 | E19: ~ | F19: =D19+2 -> 46376 | G19: 380 | J19: =G19-(I19+K19) -> 380 | M19: 200 | P19: =M19-(O19+Q19) -> 200
D20: =D18 -> 46371 | E20: ~ | F20: =F19 -> 46376 | G20: 380 | I20: =I18+I19 -> 0 | J20: =J18+J19 -> 380 | K20: =K18+K19 -> 0 | M20: 200 | O20: =O18+O19 -> 0 | P20: =P18+P19 -> 200 | Q20: =Q18+Q19 -> 0
A21: 7W | B21: 1st half | D21: =D24+7 -> 46364 | E21: ~ | F21: =D21+2 -> 46366 | G21: 0 | H21: S이하:10 | J21: =G21-(I21+K21) -> 0 | M21: 0 | P21: =M21-(O21+Q21) -> 0
B22: 2nd half | D22: =D21+3 -> 46367 | E22: ~ | F22: =D22+2 -> 46369 | G22: 140 | H22: S:10 M:20 | J22: =G22-(I22+K22) -> 140 | M22: 190 | P22: =M22-(O22+Q22) -> 190
D23: =D21 -> 46364 | E23: ~ | F23: =F22 -> 46369 | G23: 140 | H23: L:71 | I23: =I21+I22 -> 0 | J23: =J21+J22 -> 140 | K23: =K21+K22 -> 0 | M23: 190 | O23: =O21+O22 -> 0 | P23: =P21+P22 -> 190 | Q23: =Q21+Q22 -> 0
A24: 8W | B24: 1st half | D24: =D27+7 -> 46357 | E24: ~ | F24: =D24+2 -> 46359 | G24: 0 | H24: S이하: | J24: =G24-(I24+K24) -> 0 | M24: 0 | P24: =M24-(O24+Q24) -> 0
B25: 2nd half | D25: =D24+3 -> 46360 | E25: ~ | F25: =D25+2 -> 46362 | G25: 0 | H25: S: M: | J25: =G25-(I25+K25) -> 0 | M25: 58 | P25: =M25-(O25+Q25) -> 58
D26: =D24 -> 46357 | E26: ~ | F26: =F25 -> 46362 | G26: 0 | H26: L:11 | I26: =I24+I25 -> 0 | J26: =J24+J25 -> 0 | K26: =K24+K25 -> 0 | M26: 58 | O26: =O24+O25 -> 0 | P26: =P24+P25 -> 58 | Q26: =Q24+Q25 -> 0
A27: 9W | B27: 1st half | D27: 46350 | E27: ~ | F27: =D27+2 -> 46352 | G27: 0 | J27: =G27-(I27+K27) -> 0 | M27: 0 | P27: =M27-(O27+Q27) -> 0
B28: 2nd half | D28: =D27+3 -> 46353 | E28: ~ | F28: =D28+2 -> 46355 | G28: 0 | J28: =G28-(I28+K28) -> 0 | M28: 0 | P28: =M28-(O28+Q28) -> 0
D29: =D27 -> 46350 | E29: ~ | F29: =F28 -> 46355 | G29: 0 | I29: =I27+I28 -> 0 | J29: =J27+J28 -> 0 | K29: =K27+K28 -> 0 | M29: 0 | O29: =O27+O28 -> 0 | P29: =P27+P28 -> 0 | Q29: =Q27+Q28 -> 0
A30: 10W | M30: 0
G31: 0
A32: Retire | G32: 0
A33: Total | G33: =(G11+G14+G17+G20+G23+G26+G29) -> 4346 | I33: =(I11+I14+I17+I20+I23+I26+I29) -> 0 | J33: =(J11+J14+J17+J20+J23+J26+J29) -> 4346 | K33: =(K11+K14+K17+K20+K23+K26+K29) -> 0 | M33: =(M11+M14+M17+M20+M23+M26+M29) -> 3210 | O33: =(O11+O14+O17+O20+O23+O26+O29) -> 0 | P33: =(P11+P14+P17+P20+P23+P26+P29) -> 3210 | Q33: =(Q11+Q14+Q17+Q20+Q23+Q26+Q29) -> 0

Sheet 1-5
A1: STOCK MANAGEMENT | M1: 담당 | N1: 방장 | O1: 파트장 | P1: 생산팀장 | Q1: 센터장
A4: Area: | B4: KP900 | E4: Strain: | G4: CD(SD) | I4: A responsible person : | L4: JAE-MIN PARK | O4: Date : | P4: 2026. 1.26 ~ 1.30
A6: operation age(week) | D6: Date of birth | G6: Male | M6: Female
G7: stock | H7: No. of cage | I7: No. of appoint | J7: rest | K7: adjust Cut | L7: remark | M7: stock | N7: No. of cage | O7: No. of appoint | P7: rest | Q7: adjust Cut
A9: 3W | B9: 1st half | D9: =D12+7 -> 46392 | E9: ~ | F9: =D9+2 -> 46394 | G9: 1008 | I9: ='1월26일'!I9+'1월27일'!I9+'1월28일'!I9+'1월29일'!I9+'1월30일'!I9 -> 0 | J9: =G9-(I9+K9) -> 1008 | K9: ='1월26일'!K9+'1월27일'!K9+'1월28일'!K9+'1월29일'!K9+'1월30일'!K9 -> 0 | M9: 976 | O9: ='1월26일'!O9+'1월27일'!O9+'1월28일'!O9+'1월29일'!O9+'1월30일'!O9 -> 20 | P9: =M9-(O9+Q9) -> 606 | Q9: ='1월26일'!Q9+'1월27일'!Q9+'1월28일'!Q9+'1월29일'!Q9+'1월30일'!Q9 -> 350
B10: 2nd half | D10: =D9+3 -> 46395 | E10: ~ | F10: =D10+2 -> 46397 | G10: 384 | I10: ='1월26일'!I10+'1월27일'!I10+'1월28일'!I10+'1월29일'!I10+'1월30일'!I10 -> 0 | J10: =G10-(I10+K10) -> 384 | K10: ='1월26일'!K10+'1월27일'!K10+'1월28일'!K10+'1월29일'!K10+'1월30일'!K10 -> 0 | M10: 368 | O10: ='1월26일'!O10+'1월27일'!O10+'1월28일'!O10+'1월29일'!O10+'1월30일'!O10 -> 0 | P10: =M10-(O10+Q10) -> 368 | Q10: ='1월26일'!Q10+'1월27일'!Q10+'1월28일'!Q10+'1월29일'!Q10+'1월30일'!Q10 -> 0
D11: =D9 -> 46392 | E11: ~ | F11: =F10 -> 46397 | G11: =G9+G10 -> 1392 | I11: =I9+I10 -> 0 | J11: =J9+J10 -> 1392 | K11: =K9+K10 -> 0 | M11: =M9+M10 -> 1344 | O11: =O9+O10 -> 20 | P11: =P9+P10 -> 974 | Q11: =Q9+Q10 -> 350
A12: 4W | B12: 1st half | D12: =D15+7 -> 46385 | E12: ~ | F12: =D12+2 -> 46387 | G12: ='1월26일'!G12 -> 1180 | I12: ='1월26일'!I12+'1월27일'!I12+'1월28일'!I12+'1월29일'!I12+'1월30일'!I12 -> 4 | J12: =G12-(I12+K12) -> 1026 | K12: ='1월26일'!K12+'1월27일'!K12+'1월28일'!K12+'1월29일'!K12+'1월30일'!K12 -> 150 | M12: ='1월26일'!M12 -> 746 | O12: ='1월26일'!O12+'1월27일'!O12+'1월28일'!O12+'1월29일'!O12+'1월30일'!O12 -> 0 | P12: =M12-(O12+Q12) -> 746 | Q12: ='1월26일'!Q12+'1월27일'!Q12+'1월28일'!Q12+'1월29일'!Q12+'1월30일'!Q12 -> 0
B13: 2nd half | D13: =D12+3 -> 46388 | E13: ~ | F13: =D13+2 -> 46390 | G13: ='1월26일'!G13 -> 448 | I13: ='1월26일'!I13+'1월27일'!I13+'1월28일'!I13+'1월29일'!I13+'1월30일'!I13 -> 0 | J13: =G13-(I13+K13) -> 448 | K13: ='1월26일'!K13+'1월27일'!K13+'1월28일'!K13+'1월29일'!K13+'1월30일'!K13 -> 0 | M13: ='1월26일'!M13 -> 512 | O13: ='1월26일'!O13+'1월27일'!O13+'1월28일'!O13+'1월29일'!O13+'1월30일'!O13 -> 0 | P13: =M13-(O13+Q13) -> 512 | Q13: ='1월26일'!Q13+'1월27일'!Q13+'1월28일'!Q13+'1월29일'!Q13+'1월30일'!Q13 -> 0
D14: =D12 -> 46385 | E14: ~ | F14: =F13 -> 46390 | G14: =G12+G13 -> 1628 | I14: =I12+I13 -> 4 | J14: =J12+J13 -> 1474 | K14: =K12+K13 -> 150 | M14: =M12+M13 -> 1258 | O14: =O12+O13 -> 0 | P14: =P12+P13 -> 1258 | Q14: =Q12+Q13 -> 0
A15: 5W | B15: 1st half | D15: =D18+7 -> 46378 | E15: ~ | F15: =D15+2 -> 46380 | G15: ='1월26일'!G15 -> 971 | I15: ='1월26일'!I15+'1월27일'!I15+'1월28일'!I15+'1월29일'!I15+'1월30일'!I15 -> 275 | J15: =G15-(I15+K15) -> 528 | K15: ='1월26일'!K15+'1월27일'!K15+'1월28일'!K15+'1월29일'!K15+'1월30일'!K15 -> 168 | M15: ='1월26일'!M15 -> 478 | O15: ='1월26일'!O15+'1월27일'!O15+'1월28일'!O15+'1월29일'!O15+'1월30일'!O15 -> 283 | P15: =M15-(O15+Q15) -> 150 | Q15: ='1월26일'!Q15+'1월27일'!Q15+'1월28일'!Q15+'1월29일'!Q15+'1월30일'!Q15 -> 45
B16: 2nd half | D16: =D15+3 -> 46381 | E16: ~ | F16: =D16+2 -> 46383 | G16: ='1월26일'!G16 -> 432 | I16: ='1월26일'!I16+'1월27일'!I16+'1월28일'!I16+'1월29일'!I16+'1월30일'!I16 -> 0 | J16: =G16-(I16+K16) -> 432 | K16: ='1월26일'!K16+'1월27일'!K16+'1월28일'!K16+'1월29일'!K16+'1월30일'!K16 -> 0 | M16: ='1월26일'!M16 -> 480 | O16: ='1월26일'!O16+'1월27일'!O16+'1월28일'!O16+'1월29일'!O16+'1월30일'!O16 -> 0 | P16: =M16-(O16+Q16) -> 380 | Q16: ='1월26일'!Q16+'1월27일'!Q16+'1월28일'!Q16+'1월29일'!Q16+'1월30일'!Q16 -> 100
D17: =D15 -> 46378 | E17: ~ | F17: =F16 -> 46383 | G17: =G15+G16 -> 1403 | I17: =I15+I16 -> 275 | J17: =J15+J16 -> 960 | K17: =K15+K16 -> 168 | M17: =M15+M16 -> 958 | O17: =O15+O16 -> 283 | P17: =P15+P16 -> 530 | Q17: =Q15+Q16 -> 145
A18: 6W | B18: 1st half | D18: =D21+7 -> 46371 | E18: ~ | F18: =D18+2 -> 46373 | G18: ='1월26일'!G18 -> 220 | I18: ='1월26일'!I18+'1월27일'!I18+'1월28일'!I18+'1월29일'!I18+'1월30일'!I18 -> 168 | J18: =G18-(I18+K18) -> 0 | K18: ='1월26일'!K18+'1월27일'!K18+'1월28일'!K18+'1월29일'!K18+'1월30일'!K18 -> 52 | M18: ='1월26일'!M18 -> 0 | O18: ='1월26일'!O18+'1월27일'!O18+'1월28일'!O18+'1월29일'!O18+'1월30일'!O18 -> 0 | P18: =M18-(O18+Q18) -> 0 | Q18: ='1월26일'!Q18+'1월27일'!Q18+'1월28일'!Q18+'1월29일'!Q18+'1월30일'!Q18 -> 0
B19: 2nd half | D19: =D18+3 -> 46374 | E19: ~ | F19: =D19+2 -> 46376 | G19: ='1월26일'!G19 -> 496 | I19: ='1월26일'!I19+'1월27일'!I19+'1월28일'!I19+'1월29일'!I19+'1월30일'!I19 -> 83 | J19: =G19-(I19+K19) -> 380 | K19: ='1월26일'!K19+'1월27일'!K19+'1월28일'!K19+'1월29일'!K19+'1월30일'!K19 -> 33 | M19: ='1월26일'!M19 -> 394 | O19: ='1월26일'!O19+'1월27일'!O19+'1월28일'!O19+'1월29일'!O19+'1월30일'!O19 -> 69 | P19: =M19-(O19+Q19) -> 200 | Q19: ='1월26일'!Q19+'1월27일'!Q19+'1월28일'!Q19+'1월29일'!Q19+'1월30일'!Q19 -> 125
D20: =D18 -> 46371 | E20: ~ | F20: =F19 -> 46376 | G20: =G18+G19 -> 716 | I20: =I18+I19 -> 251 | J20: =J18+J19 -> 380 | K20: =K18+K19 -> 85 | M20: =M18+M19 -> 394 | O20: =O18+O19 -> 69 | P20: =P18+P19 -> 200 | Q20: =Q18+Q19 -> 125
A21: 7W | B21: 1st half | D21: =D24+7 -> 46364 | E21: ~ | F21: =D21+2 -> 46366 | G21: ='1월26일'!G21 -> 124 | I21: ='1월26일'!I21+'1월27일'!I21+'1월28일'!I21+'1월29일'!I21+'1월30일'!I21 -> 110 | J21: =G21-(I21+K21) -> 0 | K21: ='1월26일'!K21+'1월27일'!K21+'1월28일'!K21+'1월29일'!K21+'1월30일'!K21 -> 14 | M21: ='1월26일'!M21 -> 0 | O21: ='1월26일'!O21+'1월27일'!O21+'1월28일'!O21+'1월29일'!O21+'1월30일'!O21 -> 0 | P21: =M21-(O21+Q21) -> 0 | Q21: ='1월26일'!Q21+'1월27일'!Q21+'1월28일'!Q21+'1월29일'!Q21+'1월30일'!Q21 -> 0
B22: 2nd half | D22: =D21+3 -> 46367 | E22: ~ | F22: =D22+2 -> 46369 | G22: ='1월26일'!G22 -> 240 | I22: ='1월26일'!I22+'1월27일'!I22+'1월28일'!I22+'1월29일'!I22+'1월30일'!I22 -> 75 | J22: =G22-(I22+K22) -> 140 | K22: ='1월26일'!K22+'1월27일'!K22+'1월28일'!K22+'1월29일'!K22+'1월30일'!K22 -> 25 | M22: ='1월26일'!M22 -> 206 | O22: ='1월26일'!O22+'1월27일'!O22+'1월28일'!O22+'1월29일'!O22+'1월30일'!O22 -> 10 | P22: =M22-(O22+Q22) -> 190 | Q22: ='1월26일'!Q22+'1월27일'!Q22+'1월28일'!Q22+'1월29일'!Q22+'1월30일'!Q22 -> 6
D23: =D21 -> 46364 | E23: ~ | F23: =F22 -> 46369 | G23: =G21+G22 -> 364 | I23: =I21+I22 -> 185 | J23: =J21+J22 -> 140 | K23: =K21+K22 -> 39 | M23: =M21+M22 -> 206 | O23: =O21+O22 -> 10 | P23: =P21+P22 -> 190 | Q23: =Q21+Q22 -> 6
A24: 8W | B24: 1st half | D24: =D27+7 -> 46357 | E24: ~ | F24: =D24+2 -> 46359 | G24: ='1월26일'!G24 -> 120 | I24: ='1월26일'!I24+'1월27일'!I24+'1월28일'!I24+'1월29일'!I24+'1월30일'!I24 -> 110 | J24: =G24-(I24+K24) -> 0 | K24: ='1월26일'!K24+'1월27일'!K24+'1월28일'!K24+'1월29일'!K24+'1월30일'!K24 -> 10 | M24: ='1월26일'!M24 -> 0 | O24: ='1월26일'!O24+'1월27일'!O24+'1월28일'!O24+'1월29일'!O24+'1월30일'!O24 -> 0 | P24: =M24-(O24+Q24) -> 0 | Q24: ='1월26일'!Q24+'1월27일'!Q24+'1월28일'!Q24+'1월29일'!Q24+'1월30일'!Q24 -> 0
B25: 2nd half | D25: =D24+3 -> 46360 | E25: ~ | F25: =D25+2 -> 46362 | G25: ='1월26일'!G25 -> 220 | I25: ='1월26일'!I25+'1월27일'!I25+'1월28일'!I25+'1월29일'!I25+'1월30일'!I25 -> 185 | J25: =G25-(I25+K25) -> 0 | K25: ='1월26일'!K25+'1월27일'!K25+'1월28일'!K25+'1월29일'!K25+'1월30일'!K25 -> 35 | M25: ='1월26일'!M25 -> 300 | O25: ='1월26일'!O25+'1월27일'!O25+'1월28일'!O25+'1월29일'!O25+'1월30일'!O25 -> 207 | P25: =M25-(O25+Q25) -> 58 | Q25: ='1월26일'!Q25+'1월27일'!Q25+'1월28일'!Q25+'1월29일'!Q25+'1월30일'!Q25 -> 35
D26: =D24 -> 46357 | E26: ~ | F26: =F25 -> 46362 | G26: =G24+G25 -> 340 | I26: =I24+I25 -> 295 | J26: =J24+J25 -> 0 | K26: =K24+K25 -> 45 | M26: =M24+M25 -> 300 | O26: =O24+O25 -> 207 | P26: =P24+P25 -> 58 | Q26: =Q24+Q25 -> 35
A27: 9W | B27: 1st half | D27: 46350 | E27: ~ | F27: =D27+2 -> 46352 | G27: ='1월26일'!G27 -> 0 | I27: ='1월26일'!I27+'1월27일'!I27+'1월28일'!I27+'1월29일'!I27+'1월30일'!I27 -> 0 | J27: =G27-(I27+K27) -> 0 | K27: ='1월26일'!K27+'1월27일'!K27+'1월28일'!K27+'1월29일'!K27+'1월30일'!K27 -> 0 | M27: ='1월26일'!M27 -> 0 | O27: ='1월26일'!O27+'1월27일'!O27+'1월28일'!O27+'1월29일'!O27+'1월30일'!O27 -> 0 | P27: =M27-(O27+Q27) -> 0 | Q27: ='1월26일'!Q27+'1월27일'!Q27+'1월28일'!Q27+'1월29일'!Q27+'1월30일'!Q27 -> 0
B28: 2nd half | D28: =D27+3 -> 46353 | E28: ~ | F28: =D28+2 -> 46355 | G28: ='1월26일'!G28 -> 0 | I28: ='1월26일'!I28+'1월27일'!I28+'1월28일'!I28+'1월29일'!I28+'1월30일'!I28 -> 0 | J28: =G28-(I28+K28) -> 0 | K28: ='1월26일'!K28+'1월27일'!K28+'1월28일'!K28+'1월29일'!K28+'1월30일'!K28 -> 0 | M28: ='1월26일'!M28 -> 120 | O28: ='1월26일'!O28+'1월27일'!O28+'1월28일'!O28+'1월29일'!O28+'1월30일'!O28 -> 0 | P28: =M28-(O28+Q28) -> 0 | Q28: ='1월26일'!Q28+'1월27일'!Q28+'1월28일'!Q28+'1월29일'!Q28+'1월30일'!Q28 -> 120
D29: =D27 -> 46350 | E29: ~ | F29: =F28 -> 46355 | G29: =G27+G28 -> 0 | I29: =I27+I28 -> 0 | J29: =J27+J28 -> 0 | K29: =K27+K28 -> 0 | M29: =M27+M28 -> 120 | O29: =O27+O28 -> 0 | P29: =P27+P28 -> 0 | Q29: =Q27+Q28 -> 120
A30: 10W | G30: 0 | M30: 0
G31: 0
A32: Retire | G32: 0
A33: Total | G33: =(G11+G14+G17+G20+G23+G26+G29) -> 5843 | I33: =(I11+I14+I17+I20+I23+I26+I29) -> 1010 | J33: =(J11+J14+J17+J20+J23+J26+J29) -> 4346 | K33: =(K11+K14+K17+K20+K23+K26+K29) -> 487 | M33: =(M11+M14+M17+M20+M23+M26+M29) -> 4580 | O33: =(O11+O14+O17+O20+O23+O26+O29) -> 589 | P33: =(P11+P14+P17+P20+P23+P26+P29) -> 3210 | Q33: =(Q11+Q14+Q17+Q20+Q23+Q26+Q29) -> 781
